the,1
to,2
and,3
of,4
a,5
in,6
i,7
that,8
you,9
it,10
is,11
for,12
on,13
was,14
he,15
with,16
this,17
as,18
n't,19
we,20
be,21
have,22
are,23
not,24
but,25
at,26
they,27
do,28
what,29
his,30
from,31
by,32
or,33
she,34
my,35
all,36
an,37
there,38
so,39
her,40
about,41
me,42
one,43
had,44
if,45
your,46
can,47
who,48
no,49
out,50
has,51
their,52
were,53
like,54
just,55
would,56
up,57
when,58
more,59
will,60
know,61
said,62
did,63
been,64
people,65
get,66
him,67
time,68
them,69
some,70
how,71
now,72
which,73
could,74
think,75
than,76
our,77
into,78
other,79
right,80
here,81
well,82
new,83
then,84
because,85
go,86
see,87
back,88
only,89
these,90
over,91
going,92
us,93
also,94
two,95
first,96
its,97
even,98
good,99
way,100
where,101
after,102
want,103
got,104
very,105
years,106
make,107
any,108
most,109
say,110
much,111
does,112
those,113
down,114
should,115
come,116
many,117
really,118
take,119
may,120
through,121
says,122
why,123
before,124
work,125
still,126
look,127
something,128
too,129
need,130
let,131
little,132
being,133
off,134
day,135
never,136
man,137
last,138
life,139
such,140
world,141
made,142
yeah,143
year,144
oh,145
while,146
around,147
things,148
own,149
same,150
another,151
ca,152
long,153
both,154
use,155
state,156
thing,157
three,158
between,159
every,160
great,161
home,162
each,163
yes,164
lot,165
again,166
tell,167
help,168
president,169
school,170
might,171
am,172
mean,173
find,174
mr,175
house,176
put,177
love,178
better,179
since,180
always,181
next,182
used,183
away,184
part,185
place,186
few,187
thought,188
big,189
against,190
give,191
doing,192
sure,193
best,194
without,195
women,196
children,197
found,198
family,199
na,200
money,201
today,202
must,203
told,204
okay,205
old,206
american,207
during,208
night,209
under,210
left,211
point,212
kind,213
different,214
end,215
show,216
god,217
came,218
ever,219
feel,220
though,221
keep,222
high,223
states,224
enough,225
government,226
anything,227
nothing,228
students,229
until,230
country,231
went,232
city,233
believe,234
once,235
maybe,236
public,237
called,238
call,239
white,240
case,241
talk,242
course,243
percent,244
done,245
gon,246
times,247
actually,248
days,249
real,250
fact,251
men,252
took,253
care,254
number,255
head,256
less,257
yet,258
second,259
system,260
important,261
far,262
hey,263
someone,264
trying,265
getting,266
change,267
week,268
set,269
however,270
water,271
business,272
everything,273
small,274
room,275
wanted,276
least,277
national,278
thank,279
story,280
power,281
group,282
four,283
mother,284
having,285
name,286
woman,287
war,288
information,289
problem,290
job,291
later,292
already,293
game,294
black,295
hard,296
making,297
looking,298
asked,299
million,300
book,301
together,302
face,303
health,304
united,305
question,306
hand,307
father,308
person,309
young,310
often,311
ago,312
seen,313
past,314
social,315
news,316
bad,317
play,318
try,319
coming,320
company,321
others,322
side,323
team,324
read,325
whether,326
able,327
almost,328
political,329
live,330
knew,331
law,332
become,333
start,334
saying,335
open,336
working,337
whole,338
support,339
stop,340
york,341
five,342
probably,343
saw,344
among,345
using,346
research,347
guy,348
idea,349
run,350
makes,351
early,352
else,353
including,354
study,355
john,356
understand,357
top,358
human,359
university,360
talking,361
free,362
along,363
within,364
history,365
morning,366
eyes,367
several,368
line,369
ask,370
mind,371
please,372
program,373
across,374
kids,375
car,376
behind,377
party,378
child,379
america,380
everyone,381
body,382
remember,383
example,384
sorry,385
hear,386
control,387
given,388
rather,389
means,390
data,391
obama,392
started,393
office,394
1,395
community,396
wrong,397
months,398
friends,399
general,400
matter,401
move,402
education,403
food,404
heard,405
looked,406
either,407
himself,408
happened,409
s,410
large,411
guys,412
sense,413
center,414
pay,415
leave,416
order,417
music,418
pretty,419
taking,420
police,421
process,422
turn,423
comes,424
lost,425
wo,426
future,427
court,428
table,429
half,430
close,431
hope,432
light,433
minutes,434
seems,435
parents,436
possible,437
reason,438
bit,439
experience,440
area,441
words,442
although,443
wait,444
door,445
felt,446
according,447
air,448
full,449
deal,450
anyone,451
death,452
local,453
hours,454
thanks,455
issue,456
stay,457
age,458
front,459
sometimes,460
instead,461
moment,462
living,463
college,464
girl,465
needs,466
ok,467
plan,468
turned,469
dr,470
bring,471
level,472
major,473
washington,474
clear,475
bill,476
outside,477
service,478
heart,479
friend,480
taken,481
hands,482
perhaps,483
six,484
season,485
members,486
known,487
word,488
problems,489
cut,490
thinking,491
based,492
likely,493
street,494
security,495
son,496
gave,497
themselves,498
late,499
al,500
inside,501
looks,502
especially,503
former,504
federal,505
market,506
began,507
myself,508
nice,509
wife,510
quite,511
gone,512
finally,513
toward,514
military,515
m,516
fine,517
report,518
dead,519
hold,520
questions,521
special,522
baby,523
cause,524
south,525
policy,526
issues,527
phone,528
soon,529
boy,530
hit,531
north,532
economic,533
lives,534
couple,535
rest,536
church,537
goes,538
red,539
class,540
development,541
act,542
above,543
figure,544
watch,545
middle,546
simply,547
happen,548
wants,549
sort,550
personal,551
running,552
needed,553
space,554
tried,555
form,556
easy,557
department,558
exactly,559
view,560
art,561
media,562
building,563
evidence,564
field,565
seem,566
ways,567
provide,568
energy,569
alone,570
ready,571
yourself,572
weeks,573
answer,574
became,575
voice,576
happy,577
gets,578
reading,579
international,580
guess,581
uh,582
certain,583
town,584
meet,585
role,586
results,587
longer,588
worked,589
itself,590
third,591
whatever,592
following,593
single,594
rights,595
tax,596
stuff,597
groups,598
short,599
takes,600
strong,601
per,602
force,603
brought,604
recent,605
available,606
current,607
post,608
fire,609
science,610
society,611
bush,612
feet,613
works,614
month,615
mom,616
americans,617
road,618
interest,619
whose,620
david,621
chance,622
student,623
companies,624
held,625
higher,626
oil,627
break,628
buy,629
west,630
attention,631
seemed,632
win,633
campaign,634
cost,635
dad,636
near,637
services,638
lead,639
sound,640
learn,641
points,642
ground,643
low,644
common,645
position,646
upon,647
private,648
list,649
series,650
continue,651
director,652
hair,653
listen,654
land,655
test,656
stand,657
press,658
film,659
knows,660
certainly,661
share,662
nearly,663
result,664
further,665
action,666
fall,667
check,668
blood,669
shot,670
situation,671
relationship,672
king,673
everybody,674
difficult,675
medical,676
studies,677
site,678
model,679
games,680
killed,681
truth,682
county,683
vote,684
books,685
article,686
earth,687
schools,688
record,689
tonight,690
playing,691
terms,692
movie,693
risk,694
video,695
nation,696
husband,697
return,698
technology,699
present,700
hell,701
key,702
kill,703
project,704
individual,705
nature,706
effect,707
shows,708
involved,709
decision,710
forward,711
photo,712
programs,713
park,714
writing,715
similar,716
met,717
congress,718
green,719
fight,720
fun,721
spent,722
step,723
wrote,724
create,725
feeling,726
teachers,727
dark,728
george,729
include,730
economy,731
california,732
changes,733
wall,734
board,735
paper,736
cases,737
administration,738
industry,739
value,740
agree,741
recently,742
learning,743
price,744
color,745
total,746
natural,747
particular,748
republican,749
clinton,750
sir,751
et,752
beyond,753
usually,754
significant,755
walk,756
qwq,757
summer,758
died,759
michael,760
entire,761
serious,762
ahead,763
officials,764
rate,765
countries,766
practice,767
east,768
poor,769
earlier,770
defense,771
beautiful,772
period,773
reported,774
simple,775
girls,776
drive,777
final,778
daughter,779
quickly,780
moved,781
language,782
financial,783
p,784
race,785
focus,786
areas,787
hour,788
hot,789
brother,790
thus,791
jobs,792
meeting,793
sex,794
decided,795
kept,796
choice,797
type,798
c,799
election,800
interesting,801
note,802
ones,803
add,804
difference,805
speak,806
tv,807
culture,808
somebody,809
moving,810
led,811
write,812
average,813
b,814
knowledge,815
giving,816
bed,817
response,818
increase,819
billion,820
san,821
de,822
potential,823
sent,824
miss,825
eat,826
china,827
despite,828
played,829
deep,830
stories,831
due,832
paul,833
offer,834
changed,835
beginning,836
begin,837
training,838
blue,839
st,840
approach,841
foreign,842
seven,843
performance,844
won,845
population,846
worth,847
access,848
floor,849
lower,850
miles,851
main,852
consider,853
picture,854
mark,855
d,856
kid,857
huge,858
supposed,859
hi,860
staff,861
physical,862
analysis,863
waiting,864
growth,865
cold,866
sit,867
written,868
expected,869
players,870
perfect,871
computer,872
brown,873
career,874
piece,875
watching,876
created,877
star,878
chief,879
legal,880
sign,881
ability,882
teacher,883
workers,884
doctor,885
amount,886
die,887
follow,888
pick,889
quality,890
t,891
http,892
patients,893
learned,894
clearly,895
considered,896
page,897
telling,898
seeing,899
subject,900
author,901
paid,902
shit,903
comments,904
design,905
behavior,906
central,907
families,908
century,909
cover,910
attack,911
particularly,912
completely,913
eight,914
boys,915
numbers,916
fear,917
allow,918
success,919
mrs,920
hospital,921
calls,922
justice,923
save,924
herself,925
bank,926
growing,927
member,928
james,929
specific,930
cool,931
opportunity,932
size,933
expect,934
texas,935
levels,936
pass,937
systems,938
treatment,939
iraq,940
trade,941
below,942
wish,943
drug,944
sleep,945
spend,946
global,947
various,948
received,949
sun,950
trump,951
ten,952
j,953
nobody,954
romney,955
lose,956
dog,957
absolutely,958
safe,959
section,960
events,961
message,962
online,963
trust,964
married,965
anyway,966
effort,967
allowed,968
store,969
eye,970
republicans,971
judge,972
added,973
except,974
happens,975
leaders,976
costs,977
ms,978
plans,979
build,980
minute,981
rules,982
places,983
impact,984
event,985
pain,986
image,987
indeed,988
necessary,989
hurt,990
term,991
sitting,992
fast,993
understanding,994
passed,995
committee,996
send,997
movement,998
democratic,999
original,1000
older,1001
religious,1002
source,1003
provided,1004
showed,1005
l,1006
jack,1007
review,1008
starting,1009
helped,1010
none,1011
ideas,1012
union,1013
management,1014
address,1015
israel,1016
included,1017
greater,1018
box,1019
sounds,1020
english,1021
range,1022
resources,1023
addition,1024
built,1025
internet,1026
gun,1027
tomorrow,1028
positive,1029
character,1030
complete,1031
effects,1032
content,1033
politics,1034
jesus,1035
pressure,1036
sat,1037
march,1038
meant,1039
born,1040
reality,1041
popular,1042
sister,1043
lack,1044
forces,1045
date,1046
credit,1047
robert,1048
trouble,1049
army,1050
sunday,1051
standing,1052
loss,1053
peace,1054
ball,1055
visit,1056
democrats,1057
asking,1058
window,1059
throughout,1060
required,1061
account,1062
e,1063
district,1064
arms,1065
respect,1066
leaving,1067
scene,1068
therefore,1069
straight,1070
river,1071
search,1072
june,1073
fuck,1074
organization,1075
loved,1076
ran,1077
lived,1078
disease,1079
reasons,1080
unless,1081
friday,1082
nor,1083
majority,1084
environment,1085
rock,1086
r,1087
cancer,1088
daily,1089
reach,1090
stopped,1091
worse,1092
reports,1093
hello,1094
worry,1095
welcome,1096
insurance,1097
heat,1098
followed,1099
lines,1100
related,1101
shall,1102
production,1103
gives,1104
november,1105
coach,1106
forget,1107
gas,1108
explain,1109
marriage,1110
dollars,1111
statement,1112
chicago,1113
onto,1114
fair,1115
skills,1116
standard,1117
weight,1118
crazy,1119
conditions,1120
theory,1121
pm,1122
song,1123
spending,1124
obviously,1125
brain,1126
calling,1127
parts,1128
imagine,1129
favorite,1130
dinner,1131
professional,1132
debate,1133
tom,1134
caught,1135
professor,1136
july,1137
stage,1138
web,1139
rich,1140
cup,1141
club,1142
teaching,1143
sexual,1144
individuals,1145
hate,1146
named,1147
modern,1148
ta,1149
products,1150
senate,1151
n,1152
violence,1153
mine,1154
stood,1155
goal,1156
talked,1157
leader,1158
efforts,1159
comment,1160
whom,1161
base,1162
crime,1163
wonder,1164
television,1165
civil,1166
g,1167
fish,1168
activities,1169
posted,1170
speech,1171
raised,1172
normal,1173
association,1174
beat,1175
rates,1176
version,1177
radio,1178
safety,1179
freedom,1180
opened,1181
clean,1182
bob,1183
letter,1184
eventually,1185
shut,1186
thousands,1187
increased,1188
bottom,1189
budget,1190
immediately,1191
walked,1192
conference,1193
mike,1194
player,1195
female,1196
protect,1197
europe,1198
skin,1199
agency,1200
activity,1201
network,1202
traditional,1203
wan,1204
interview,1205
environmental,1206
sea,1207
october,1208
region,1209
continued,1210
officer,1211
property,1212
holding,1213
touch,1214
developed,1215
fucking,1216
effective,1217
island,1218
smith,1219
mouth,1220
interested,1221
benefits,1222
previous,1223
nuclear,1224
income,1225
directly,1226
afraid,1227
choose,1228
faith,1229
male,1230
laws,1231
western,1232
dream,1233
ice,1234
la,1235
sell,1236
product,1237
turns,1238
hall,1239
rule,1240
evening,1241
successful,1242
cultural,1243
joe,1244
contact,1245
designed,1246
senior,1247
leading,1248
challenge,1249
suddenly,1250
florida,1251
saturday,1252
serve,1253
associated,1254
anybody,1255
willing,1256
limited,1257
reached,1258
critical,1259
council,1260
values,1261
christian,1262
putting,1263
powerful,1264
september,1265
published,1266
trip,1267
photograph,1268
opinion,1269
fat,1270
easily,1271
secret,1272
sam,1273
funny,1274
anymore,1275
grow,1276
pulled,1277
lord,1278
april,1279
speaking,1280
charge,1281
claim,1282
etc,1283
material,1284
fell,1285
realize,1286
fresh,1287
discussion,1288
plus,1289
official,1290
bar,1291
doubt,1292
remain,1293
glass,1294
tough,1295
french,1296
status,1297
walking,1298
sports,1299
executive,1300
compared,1301
basic,1302
generally,1303
larger,1304
finding,1305
mass,1306
camera,1307
capital,1308
biggest,1309
station,1310
quick,1311
closed,1312
concerned,1313
remains,1314
described,1315
sales,1316
neither,1317
conversation,1318
gold,1319
wide,1320
appear,1321
wind,1322
drink,1323
shown,1324
damn,1325
spring,1326
travel,1327
avoid,1328
track,1329
degree,1330
drugs,1331
huh,1332
fit,1333
peter,1334
pull,1335
style,1336
chinese,1337
hundred,1338
primary,1339
trial,1340
secretary,1341
species,1342
lady,1343
offered,1344
additional,1345
surface,1346
league,1347
attorney,1348
title,1349
mostly,1350
ai,1351
arm,1352
wonderful,1353
hearing,1354
enjoy,1355
commercial,1356
rose,1357
kitchen,1358
images,1359
meaning,1360
influence,1361
employees,1362
stock,1363
weekend,1364
jim,1365
appears,1366
purpose,1367
definitely,1368
tree,1369
voters,1370
windows,1371
governor,1372
card,1373
british,1374
taxes,1375
prices,1376
investigation,1377
heavy,1378
amazing,1379
round,1380
records,1381
happening,1382
mary,1383
fighting,1384
direct,1385
complex,1386
coffee,1387
overall,1388
bought,1389
steps,1390
mission,1391
stars,1392
cell,1393
labor,1394
patient,1395
alive,1396
audience,1397
differences,1398
otherwise,1399
excuse,1400
argument,1401
includes,1402
nine,1403
murder,1404
cars,1405
teams,1406
names,1407
suggest,1408
basis,1409
hotel,1410
drop,1411
fans,1412
plant,1413
christmas,1414
senator,1415
highly,1416
standards,1417
monday,1418
failed,1419
text,1420
factors,1421
planning,1422
driving,1423
richard,1424
correct,1425
firm,1426
los,1427
participants,1428
direction,1429
thinks,1430
concern,1431
independent,1432
served,1433
seat,1434
screen,1435
blog,1436
raise,1437
truly,1438
keeping,1439
journal,1440
nations,1441
football,1442
forced,1443
hill,1444
features,1445
details,1446
responsible,1447
apparently,1448
decades,1449
crisis,1450
rise,1451
southern,1452
spoke,1453
memory,1454
sold,1455
becomes,1456
johnson,1457
release,1458
missing,1459
totally,1460
catch,1461
animals,1462
develop,1463
slow,1464
stupid,1465
weapons,1466
notes,1467
strategy,1468
battle,1469
collection,1470
manager,1471
authority,1472
sick,1473
produce,1474
sweet,1475
decisions,1476
worst,1477
currently,1478
presence,1479
trees,1480
european,1481
feels,1482
thomas,1483
folks,1484
negative,1485
watched,1486
wearing,1487
yesterday,1488
somewhere,1489
returned,1490
appeared,1491
join,1492
edge,1493
grew,1494
released,1495
ended,1496
debt,1497
carry,1498
extra,1499
provides,1500
speed,1501
leadership,1502
um,1503
leaves,1504
benefit,1505
latest,1506
items,1507
multiple,1508
intelligence,1509
spirit,1510
seriously,1511
claims,1512
actual,1513
lots,1514
runs,1515
prison,1516
w,1517
beach,1518
policies,1519
citizens,1520
opening,1521
agreed,1522
dance,1523
sources,1524
regular,1525
pictures,1526
ride,1527
museum,1528
measure,1529
dangerous,1530
responsibility,1531
afternoon,1532
spot,1533
f,1534
believed,1535
finished,1536
religion,1537
accept,1538
january,1539
tells,1540
require,1541
machine,1542
scientists,1543
lie,1544
aware,1545
agreement,1546
candidate,1547
band,1548
covered,1549
closer,1550
continues,1551
fully,1552
tuesday,1553
structure,1554
editor,1555
ship,1556
chris,1557
christ,1558
august,1559
chair,1560
bag,1561
researchers,1562
lake,1563
caused,1564
block,1565
attempt,1566
promise,1567
mentioned,1568
realized,1569
homes,1570
code,1571
smile,1572
wow,1573
ii,1574
basically,1575
decide,1576
broken,1577
helping,1578
knowing,1579
climate,1580
generation,1581
twice,1582
winter,1583
parties,1584
sky,1585
turning,1586
throw,1587
presidential,1588
x,1589
receive,1590
corner,1591
setting,1592
actions,1593
apple,1594
threat,1595
filled,1596
largest,1597
slowly,1598
wear,1599
advice,1600
healthy,1601
conservative,1602
target,1603
investment,1604
easier,1605
hundreds,1606
smart,1607
models,1608
mexico,1609
path,1610
paying,1611
surprise,1612
camp,1613
notice,1614
william,1615
gay,1616
picked,1617
cash,1618
showing,1619
liked,1620
offers,1621
officers,1622
foot,1623
types,1624
millions,1625
uses,1626
context,1627
vision,1628
frank,1629
eating,1630
becoming,1631
mental,1632
progress,1633
task,1634
annual,1635
glad,1636
appropriate,1637
cities,1638
spread,1639
instance,1640
magazine,1641
plants,1642
software,1643
surprised,1644
warm,1645
damage,1646
grand,1647
broke,1648
protection,1649
francisco,1650
reform,1651
quiet,1652
handle,1653
sides,1654
moral,1655
iran,1656
scale,1657
african,1658
reduce,1659
dropped,1660
train,1661
clothes,1662
library,1663
interests,1664
active,1665
push,1666
london,1667
steve,1668
vice,1669
changing,1670
weather,1671
cells,1672
academic,1673
animal,1674
improve,1675
demand,1676
strength,1677
mountain,1678
pieces,1679
condition,1680
distance,1681
towards,1682
africa,1683
fund,1684
institute,1685
starts,1686
creating,1687
possibly,1688
customers,1689
sites,1690
tiny,1691
writer,1692
lay,1693
impossible,1694
master,1695
foundation,1696
gotten,1697
teach,1698
concerns,1699
produced,1700
movies,1701
angeles,1702
forms,1703
apartment,1704
projects,1705
survey,1706
count,1707
somehow,1708
exercise,1709
scientific,1710
noted,1711
variety,1712
stone,1713
charles,1714
smaller,1715
bay,1716
wild,1717
mention,1718
guard,1719
losing,1720
thoughts,1721
communities,1722
birth,1723
partner,1724
solution,1725
prepared,1726
crowd,1727
doctors,1728
characters,1729
determine,1730
obvious,1731
planet,1732
arts,1733
thursday,1734
suggested,1735
taught,1736
shape,1737
separate,1738
ah,1739
arrived,1740
balance,1741
virginia,1742
jones,1743
seconds,1744
factor,1745
agent,1746
garden,1747
martin,1748
failure,1749
atlanta,1750
criminal,1751
square,1752
organizations,1753
younger,1754
commission,1755
announced,1756
native,1757
h,1758
measures,1759
worried,1760
advantage,1761
contract,1762
plays,1763
bigger,1764
killing,1765
strange,1766
georgia,1767
slightly,1768
artist,1769
scott,1770
evil,1771
tour,1772
greatest,1773
neighborhood,1774
prevent,1775
historical,1776
finish,1777
apart,1778
legs,1779
goals,1780
honey,1781
double,1782
established,1783
method,1784
experiences,1785
russia,1786
unique,1787
prove,1788
function,1789
host,1790
captain,1791
discovered,1792
cross,1793
familiar,1794
ourselves,1795
funds,1796
voice-over,1797
v,1798
bowl,1799
relationships,1800
identity,1801
users,1802
competition,1803
honor,1804
file,1805
facts,1806
troops,1807
shooting,1808
concept,1809
listening,1810
plane,1811
lee,1812
focused,1813
anywhere,1814
streets,1815
catholic,1816
december,1817
dry,1818
jackson,1819
residents,1820
wednesday,1821
cook,1822
presented,1823
exist,1824
perspective,1825
famous,1826
soldiers,1827
placed,1828
dress,1829
novel,1830
fourth,1831
requires,1832
favor,1833
lawyer,1834
suggests,1835
decade,1836
bear,1837
snow,1838
plenty,1839
background,1840
abuse,1841
missed,1842
exchange,1843
views,1844
empty,1845
attacks,1846
minister,1847
ed,1848
candidates,1849
developing,1850
supreme,1851
shop,1852
conflict,1853
identified,1854
signed,1855
website,1856
tests,1857
materials,1858
colorado,1859
shared,1860
options,1861
restaurant,1862
relations,1863
baseball,1864
practices,1865
stick,1866
soul,1867
fellow,1868
terrible,1869
yards,1870
link,1871
thousand,1872
relatively,1873
signs,1874
japan,1875
tend,1876
coast,1877
construction,1878
proud,1879
option,1880
angry,1881
flight,1882
helps,1883
forever,1884
desire,1885
moon,1886
sad,1887
kinds,1888
extremely,1889
lucky,1890
corporate,1891
prior,1892
storm,1893
regarding,1894
experts,1895
via,1896
wine,1897
importance,1898
feelings,1899
appreciate,1900
heads,1901
letters,1902
unit,1903
emotional,1904
suit,1905
lunch,1906
shoot,1907
traffic,1908
van,1909
division,1910
salt,1911
literature,1912
driver,1913
aside,1914
wake,1915
charges,1916
ryan,1917
adults,1918
medicine,1919
possibility,1920
equipment,1921
expensive,1922
joined,1923
luck,1924
bright,1925
emergency,1926
readers,1927
methods,1928
mistake,1929
banks,1930
tired,1931
truck,1932
em,1933
recognize,1934
indian,1935
waste,1936
classes,1937
matters,1938
border,1939
alternative,1940
facebook,1941
match,1942
institutions,1943
bet,1944
rain,1945
victory,1946
winning,1947
sees,1948
opportunities,1949
providing,1950
busy,1951
ben,1952
carried,1953
google,1954
victims,1955
fox,1956
stress,1957
score,1958
breath,1959
harry,1960
bus,1961
allows,1962
ultimately,1963
unfortunately,1964
begins,1965
youth,1966
businesses,1967
core,1968
gift,1969
connection,1970
fly,1971
aid,1972
educational,1973
larry,1974
neck,1975
comfortable,1976
increasing,1977
forest,1978
mayor,1979
useful,1980
noticed,1981
boat,1982
chairman,1983
digital,1984
grade,1985
japanese,1986
entirely,1987
selling,1988
tools,1989
operation,1990
explained,1991
equal,1992
russian,1993
pages,1994
lights,1995
village,1996
williams,1997
sample,1998
stands,1999
england,2000
adult,2001
identify,2002
owner,2003
lies,2004
specifically,2005
shoulder,2006
cast,2007
walls,2008
scores,2009
bringing,2010
boston,2011
lying,2012
understood,2013
soviet,2014
proposed,2015
fan,2016
determined,2017
guide,2018
coverage,2019
hole,2020
fingers,2021
ring,2022
valley,2023
managed,2024
henry,2025
apply,2026
location,2027
farm,2028
cuts,2029
o,2030
taste,2031
elements,2032
expression,2033
carolina,2034
figures,2035
blame,2036
photos,2037
bodies,2038
careful,2039
hang,2040
unidentified,2041
discuss,2042
domestic,2043
shoes,2044
pointed,2045
ass,2046
testing,2047
faces,2048
soft,2049
quarter,2050
markets,2051
wood,2052
universe,2053
german,2054
dear,2055
massive,2056
honest,2057
chicken,2058
gain,2059
northern,2060
era,2061
excellent,2062
highest,2063
sugar,2064
supply,2065
houston,2066
respond,2067
enter,2068
urban,2069
jewish,2070
yours,2071
germany,2072
buying,2073
dogs,2074
operations,2075
liberal,2076
draw,2077
email,2078
funding,2079
fix,2080
artists,2081
ends,2082
february,2083
illegal,2084
answers,2085
prime,2086
significantly,2087
experienced,2088
humans,2089
roll,2090
tea,2091
moments,2092
keeps,2093
eastern,2094
housing,2095
hoping,2096
democracy,2097
canada,2098
believes,2099
largely,2100
gender,2101
fuel,2102
initial,2103
serving,2104
committed,2105
planned,2106
stuck,2107
houses,2108
france,2109
brothers,2110
unlike,2111
maintain,2112
fill,2113
findings,2114
reaction,2115
affect,2116
guilty,2117
pair,2118
super,2119
beauty,2120
holy,2121
constitution,2122
grown,2123
magic,2124
everywhere,2125
internal,2126
remove,2127
drinking,2128
self,2129
assessment,2130
ohio,2131
shift,2132
treated,2133
increasingly,2134
communication,2135
besides,2136
fbi,2137
necessarily,2138
extent,2139
horse,2140
leads,2141
previously,2142
opposite,2143
seek,2144
marketing,2145
bridge,2146
cnn,2147
songs,2148
argue,2149
assume,2150
scared,2151
wedding,2152
acting,2153
pushed,2154
treat,2155
parent,2156
votes,2157
challenges,2158
plastic,2159
confidence,2160
beer,2161
usual,2162
yellow,2163
grace,2164
occurred,2165
smoke,2166
creative,2167
gray,2168
device,2169
newspaper,2170
likes,2171
don,2172
painting,2173
describe,2174
dealing,2175
uncle,2176
forth,2177
hardly,2178
cards,2179
elected,2180
vs,2181
bunch,2182
personally,2183
map,2184
silver,2185
pounds,2186
victim,2187
considering,2188
ensure,2189
passing,2190
carefully,2191
agencies,2192
chest,2193
afford,2194
remained,2195
meat,2196
jury,2197
daddy,2198
ancient,2199
dan,2200
assistant,2201
object,2202
long-term,2203
classroom,2204
fashion,2205
talks,2206
desk,2207
boss,2208
tony,2209
fired,2210
jump,2211
ought,2212
faster,2213
doors,2214
laugh,2215
tradition,2216
suspect,2217
intended,2218
rare,2219
pool,2220
accident,2221
theater,2222
accepted,2223
admit,2224
sight,2225
id,2226
fields,2227
barely,2228
vehicle,2229
crew,2230
meanwhile,2231
represent,2232
essential,2233
charlie,2234
pattern,2235
moves,2236
choices,2237
circumstances,2238
somewhat,2239
rising,2240
struggle,2241
charged,2242
capacity,2243
clients,2244
proper,2245
feature,2246
cat,2247
giant,2248
breaking,2249
sport,2250
removed,2251
voting,2252
surgery,2253
thin,2254
regional,2255
grant,2256
0,2257
pop,2258
supported,2259
jeff,2260
saved,2261
remaining,2262
percentage,2263
conducted,2264
contrast,2265
display,2266
brings,2267
nose,2268
weird,2269
falling,2270
typically,2271
adding,2272
application,2273
hollywood,2274
ocean,2275
silence,2276
singing,2277
india,2278
denver,2279
tight,2280
solid,2281
applied,2282
existing,2283
temperature,2284
golden,2285
danger,2286
stores,2287
whoa,2288
reporting,2289
merely,2290
typical,2291
k,2292
revealed,2293
request,2294
manner,2295
consequences,2296
owners,2297
kevin,2298
facing,2299
guns,2300
smell,2301
causes,2302
offering,2303
pleasure,2304
metal,2305
fault,2306
suppose,2307
consumer,2308
puts,2309
jr,2310
documents,2311
sets,2312
authorities,2313
holds,2314
subjects,2315
birthday,2316
classic,2317
strike,2318
mix,2319
flow,2320
copy,2321
leg,2322
examples,2323
lawyers,2324
belief,2325
relative,2326
frequently,2327
tool,2328
dozen,2329
print,2330
tape,2331
positions,2332
reference,2333
flat,2334
excited,2335
donald,2336
mad,2337
estate,2338
defined,2339
observed,2340
stayed,2341
basketball,2342
jail,2343
degrees,2344
sarah,2345
strategies,2346
opposition,2347
seeking,2348
sale,2349
dreams,2350
powers,2351
tall,2352
legislation,2353
responses,2354
harder,2355
ha,2356
louis,2357
paris,2358
immigration,2359
buildings,2360
drew,2361
milk,2362
limit,2363
michigan,2364
net,2365
flying,2366
elections,2367
recognized,2368
brian,2369
rice,2370
accounts,2371
davis,2372
joining,2373
studio,2374
articles,2375
agents,2376
literally,2377
till,2378
existence,2379
attitude,2380
y,2381
consumers,2382
inc,2383
patterns,2384
entered,2385
reduced,2386
objects,2387
headed,2388
ladies,2389
usa,2390
voted,2391
technical,2392
jews,2393
relief,2394
papers,2395
client,2396
vast,2397
finds,2398
achieve,2399
nearby,2400
feed,2401
woods,2402
escape,2403
consistent,2404
ray,2405
abc,2406
length,2407
enforcement,2408
explains,2409
authors,2410
sharing,2411
bird,2412
reporter,2413
introduced,2414
writers,2415
survive,2416
films,2417
completed,2418
expert,2419
dying,2420
commitment,2421
colleagues,2422
enemy,2423
kennedy,2424
abortion,2425
e-mail,2426
ad,2427
israeli,2428
allowing,2429
intervention,2430
teeth,2431
perform,2432
eric,2433
upset,2434
relevant,2435
panel,2436
cry,2437
stated,2438
tim,2439
inches,2440
acts,2441
perfectly,2442
orange,2443
wave,2444
creation,2445
calm,2446
album,2447
solar,2448
amendment,2449
combined,2450
fewer,2451
int,2452
broad,2453
carrying,2454
trail,2455
upper,2456
chose,2457
daniel,2458
loves,2459
wondering,2460
paint,2461
blow,2462
matt,2463
jersey,2464
operating,2465
advanced,2466
conclusion,2467
cream,2468
muslim,2469
thick,2470
zone,2471
visual,2472
chapter,2473
ordered,2474
promised,2475
whenever,2476
revolution,2477
birds,2478
bible,2479
rush,2480
suffering,2481
assistance,2482
reasonable,2483
definition,2484
essentially,2485
duty,2486
circle,2487
shirt,2488
wilson,2489
brief,2490
afghanistan,2491
convention,2492
reader,2493
advance,2494
miller,2495
politicians,2496
devices,2497
command,2498
airport,2499
principles,2500
alcohol,2501
revenue,2502
drove,2503
discussed,2504
depression,2505
frame,2506
investors,2507
brand,2508
deeply,2509
alex,2510
cutting,2511
hopes,2512
episode,2513
opposed,2514
fairly,2515
anger,2516
critics,2517
indicated,2518
mess,2519
shopping,2520
topic,2521
transfer,2522
weak,2523
bills,2524
armed,2525
journey,2526
governments,2527
twitter,2528
pregnant,2529
golf,2530
fed,2531
twenty,2532
estimated,2533
unable,2534
guest,2535
buddy,2536
tears,2537
performed,2538
hanging,2539
beneath,2540
violent,2541
asks,2542
falls,2543
statements,2544
arab,2545
joke,2546
appearance,2547
jimmy,2548
hidden,2549
bond,2550
hide,2551
motion,2552
cheese,2553
arizona,2554
capable,2555
parking,2556
appeal,2557
user,2558
affected,2559
occur,2560
combination,2561
queen,2562
chosen,2563
award,2564
santa,2565
struck,2566
aspects,2567
schedule,2568
extreme,2569
increases,2570
affairs,2571
express,2572
laid,2573
max,2574
wealth,2575
el,2576
poverty,2577
welfare,2578
engine,2579
spiritual,2580
ted,2581
talent,2582
warning,2583
injury,2584
partners,2585
cooking,2586
ages,2587
expressed,2588
noise,2589
jordan,2590
raising,2591
click,2592
sleeping,2593
soil,2594
closely,2595
dollar,2596
industrial,2597
nick,2598
re,2599
childhood,2600
selected,2601
rooms,2602
limits,2603
musical,2604
notion,2605
regardless,2606
fail,2607
numerous,2608
conduct,2609
bathroom,2610
sector,2611
lesson,2612
package,2613
located,2614
turkey,2615
constant,2616
diet,2617
route,2618
detail,2619
jerry,2620
claimed,2621
arrested,2622
plate,2623
drawn,2624
joint,2625
agenda,2626
minority,2627
adam,2628
joy,2629
session,2630
korea,2631
encourage,2632
faculty,2633
laughing,2634
flowers,2635
courts,2636
sending,2637
susan,2638
expectations,2639
pocket,2640
tech,2641
prepare,2642
campus,2643
bell,2644
refused,2645
wars,2646
pack,2647
lips,2648
quote,2649
writes,2650
gulf,2651
sharp,2652
exposure,2653
andrew,2654
figured,2655
quit,2656
gop,2657
purchase,2658
sudden,2659
accused,2660
dean,2661
neighbors,2662
beside,2663
hat,2664
shots,2665
graduate,2666
orders,2667
situations,2668
pushing,2669
connected,2670
kelly,2671
threw,2672
regard,2673
witness,2674
ford,2675
shook,2676
reagan,2677
stepped,2678
finger,2679
dna,2680
silent,2681
loud,2682
medium,2683
supporting,2684
contemporary,2685
organized,2686
engineering,2687
tone,2688
smiled,2689
persons,2690
sentence,2691
requirements,2692
reflect,2693
taylor,2694
suicide,2695
cheap,2696
tied,2697
meetings,2698
nervous,2699
surely,2700
immediate,2701
unusual,2702
document,2703
hero,2704
drawing,2705
hits,2706
breakfast,2707
letting,2708
indicate,2709
bedroom,2710
customer,2711
spanish,2712
joseph,2713
sing,2714
anonymous,2715
dressed,2716
split,2717
explanation,2718
bottle,2719
mirror,2720
studied,2721
kiss,2722
manage,2723
colors,2724
instruction,2725
adds,2726
rural,2727
atmosphere,2728
answered,2729
extended,2730
fruit,2731
mixed,2732
regime,2733
winner,2734
selection,2735
dude,2736
secure,2737
actor,2738
bread,2739
philosophy,2740
zero,2741
holiday,2742
units,2743
memories,2744
constantly,2745
recovery,2746
mobile,2747
severe,2748
mail,2749
primarily,2750
heaven,2751
offense,2752
earned,2753
convinced,2754
clinical,2755
minimum,2756
beliefs,2757
theme,2758
electric,2759
engaged,2760
faced,2761
practical,2762
formed,2763
complicated,2764
remembered,2765
ethnic,2766
downtown,2767
employment,2768
dust,2769
hired,2770
rep,2771
centers,2772
chain,2773
techniques,2774
description,2775
row,2776
processes,2777
distribution,2778
pure,2779
steel,2780
fixed,2781
narrative,2782
proof,2783
goods,2784
kick,2785
incident,2786
prefer,2787
therapy,2788
entertainment,2789
recall,2790
improved,2791
foods,2792
pink,2793
ceo,2794
enjoyed,2795
resistance,2796
promote,2797
bomb,2798
dick,2799
elsewhere,2800
represented,2801
waited,2802
dave,2803
blind,2804
argued,2805
tested,2806
outcome,2807
iraqi,2808
awesome,2809
carter,2810
follows,2811
fundamental,2812
category,2813
eggs,2814
staying,2815
begun,2816
howard,2817
weapon,2818
lab,2819
principle,2820
widely,2821
stronger,2822
replace,2823
destroyed,2824
nov,2825
minds,2826
approximately,2827
sought,2828
criticism,2829
judgment,2830
bitch,2831
comparison,2832
owned,2833
cycle,2834
democrat,2835
chemical,2836
continuing,2837
crying,2838
resolution,2839
innocent,2840
decline,2841
trained,2842
facility,2843
fifth,2844
depends,2845
represents,2846
incredible,2847
posts,2848
strongly,2849
racial,2850
transition,2851
purposes,2852
destroy,2853
disaster,2854
draft,2855
transportation,2856
co,2857
billy,2858
rarely,2859
enormous,2860
returns,2861
valuable,2862
volume,2863
iron,2864
shoulders,2865
characteristics,2866
laughed,2867
channel,2868
mm-hmm,2869
rape,2870
recorded,2871
effectively,2872
pro,2873
academy,2874
principal,2875
wet,2876
ill,2877
immigrants,2878
element,2879
platform,2880
q,2881
junior,2882
invited,2883
sidebar,2884
elizabeth,2885
voiceover,2886
messages,2887
narrow,2888
participation,2889
congressional,2890
lessons,2891
harm,2892
error,2893
nfl,2894
representative,2895
tip,2896
ticket,2897
facilities,2898
wondered,2899
dirty,2900
filed,2901
poll,2902
accurate,2903
launch,2904
computers,2905
bike,2906
retirement,2907
shock,2908
retired,2909
signal,2910
wore,2911
mountains,2912
variables,2913
loose,2914
equally,2915
prince,2916
phase,2917
symptoms,2918
height,2919
polls,2920
links,2921
jane,2922
farmers,2923
landscape,2924
engage,2925
nodded,2926
babies,2927
minor,2928
offensive,2929
participate,2930
rid,2931
arrest,2932
speaker,2933
suffered,2934
mothers,2935
attend,2936
ear,2937
fishing,2938
telephone,2939
breast,2940
defend,2941
institution,2942
potentially,2943
trend,2944
demands,2945
dramatic,2946
attempts,2947
perceived,2948
ya,2949
math,2950
barbara,2951
directed,2952
risks,2953
deliver,2954
proposal,2955
smoking,2956
oct,2957
sept,2958
locked,2959
voices,2960
desert,2961
mama,2962
roof,2963
driven,2964
employee,2965
fought,2966
arguments,2967
intellectual,2968
exposed,2969
formal,2970
roger,2971
jan,2972
virtually,2973
regulations,2974
issued,2975
crimes,2976
procedures,2977
interviews,2978
tie,2979
pulling,2980
networks,2981
grab,2982
nights,2983
illinois,2984
approved,2985
establish,2986
normally,2987
guests,2988
solve,2989
inspired,2990
moreover,2991
ordinary,2992
pants,2993
detroit,2994
sand,2995
cable,2996
ending,2997
yard,2998
fiction,2999
grass,3000
passion,3001
visitors,3002
competitive,3003
helpful,3004
gary,3005
sen,3006
jason,3007
exists,3008
adopted,3009
estimates,3010
courses,3011
files,3012
experiment,3013
islamic,3014
vietnam,3015
u,3016
evolution,3017
carbon,3018
nurse,3019
killer,3020
tickets,3021
walks,3022
seats,3023
ears,3024
comfort,3025
reporters,3026
so-called,3027
terrorist,3028
meal,3029
gene,3030
collected,3031
odd,3032
confirmed,3033
personality,3034
delivered,3035
pilot,3036
hillary,3037
settled,3038
highway,3039
pacific,3040
burning,3041
clip,3042
fallen,3043
procedure,3044
clark,3045
license,3046
depending,3047
knife,3048
avenue,3049
rolling,3050
awareness,3051
replaced,3052
exact,3053
achievement,3054
advertising,3055
profit,3056
loan,3057
exciting,3058
gap,3059
wanting,3060
mm,3061
navy,3062
lovely,3063
privacy,3064
lets,3065
properly,3066
originally,3067
statistics,3068
electronic,3069
monitor,3070
linked,3071
asia,3072
asian,3073
aids,3074
applications,3075
girlfriend,3076
boyfriend,3077
and/or,3078
informed,3079
pat,3080
visible,3081
chances,3082
heavily,3083
crash,3084
touched,3085
serves,3086
deserve,3087
latter,3088
un,3089
hurry,3090
butter,3091
lewis,3092
bone,3093
receiving,3094
solutions,3095
independence,3096
roles,3097
reveal,3098
diversity,3099
psychological,3100
controlled,3101
firms,3102
miami,3103
intense,3104
ideal,3105
entry,3106
italian,3107
anderson,3108
plain,3109
edition,3110
counter,3111
communications,3112
commander,3113
contains,3114
hung,3115
burn,3116
hmm,3117
republic,3118
cops,3119
closing,3120
shares,3121
technologies,3122
disagree,3123
worker,3124
defensive,3125
whereas,3126
recognition,3127
pepper,3128
ron,3129
protein,3130
ignore,3131
surrounding,3132
vehicles,3133
tries,3134
assault,3135
rick,3136
permanent,3137
proved,3138
nowhere,3139
lincoln,3140
shame,3141
cbs,3142
hungry,3143
ann,3144
mccain,3145
universal,3146
reserve,3147
constitutional,3148
supporters,3149
shadow,3150
crucial,3151
checked,3152
aspect,3153
granted,3154
bags,3155
patrick,3156
pennsylvania,3157
ridiculous,3158
coat,3159
festival,3160
hunt,3161
savings,3162
sensitive,3163
simon,3164
involvement,3165
heading,3166
tips,3167
cloud,3168
scenes,3169
nt,3170
roughly,3171
mexican,3172
bruce,3173
outcomes,3174
reputation,3175
responded,3176
medicare,3177
sits,3178
switch,3179
genetic,3180
bye,3181
unknown,3182
marine,3183
kidding,3184
mystery,3185
opens,3186
britain,3187
approaches,3188
awful,3189
ultimate,3190
wins,3191
microsoft,3192
explore,3193
cake,3194
massachusetts,3195
kim,3196
sons,3197
lisa,3198
repeat,3199
drunk,3200
survival,3201
inner,3202
darkness,3203
personnel,3204
historic,3205
bureau,3206
iowa,3207
pride,3208
royal,3209
stomach,3210
discovery,3211
citizen,3212
assets,3213
mitt,3214
aunt,3215
waves,3216
measured,3217
seasons,3218
approval,3219
machines,3220
portion,3221
destruction,3222
random,3223
threatened,3224
dancing,3225
hills,3226
opinions,3227
prayer,3228
smooth,3229
ph,3230
initially,3231
item,3232
listed,3233
lift,3234
app,3235
absence,3236
friendly,3237
photographs,3238
allen,3239
suffer,3240
rough,3241
contain,3242
raw,3243
launched,3244
scheduled,3245
skill,3246
visited,3247
involving,3248
horrible,3249
christians,3250
cop,3251
obtained,3252
declared,3253
latin,3254
philadelphia,3255
repeated,3256
concrete,3257
austin,3258
unlikely,3259
mood,3260
returning,3261
gentlemen,3262
swing,3263
liberty,3264
finance,3265
pace,3266
studying,3267
button,3268
palestinian,3269
denied,3270
pan,3271
compare,3272
deficit,3273
anxiety,3274
referred,3275
naturally,3276
cute,3277
athletes,3278
emphasis,3279
hopefully,3280
detective,3281
deeper,3282
throat,3283
forgotten,3284
drama,3285
combat,3286
saddam,3287
angel,3288
resource,3289
sisters,3290
sake,3291
spoken,3292
blocks,3293
apparent,3294
brilliant,3295
knees,3296
stephen,3297
profile,3298
storage,3299
honestly,3300
loans,3301
saving,3302
stops,3303
syria,3304
admitted,3305
hunting,3306
samples,3307
nancy,3308
aggressive,3309
wisdom,3310
andy,3311
seattle,3312
marry,3313
throwing,3314
divided,3315
column,3316
stretch,3317
update,3318
bears,3319
amy,3320
curriculum,3321
reviews,3322
behaviors,3323
radical,3324
harvard,3325
struggling,3326
reaching,3327
sauce,3328
contribute,3329
waters,3330
picking,3331
dating,3332
detailed,3333
elementary,3334
precisely,3335
passage,3336
alan,3337
substantial,3338
illness,3339
curious,3340
plot,3341
hoped,3342
sighs,3343
passes,3344
bones,3345
examine,3346
roberts,3347
biological,3348
improvement,3349
corn,3350
territory,3351
similarly,3352
gathered,3353
juice,3354
grandmother,3355
confused,3356
ongoing,3357
structures,3358
pot,3359
controls,3360
barack,3361
blacks,3362
sandy,3363
clock,3364
household,3365
ap,3366
harris,3367
judges,3368
delivery,3369
occasionally,3370
hitting,3371
mistakes,3372
attitudes,3373
unemployment,3374
categories,3375
im,3376
recommended,3377
chocolate,3378
bobby,3379
index,3380
speaks,3381
cap,3382
egg,3383
evaluation,3384
traveling,3385
championship,3386
confident,3387
foster,3388
colleges,3389
riding,3390
reduction,3391
strategic,3392
sheriff,3393
empire,3394
electricity,3395
trading,3396
deals,3397
laughter,3398
gore,3399
ads,3400
egypt,3401
properties,3402
assumed,3403
objective,3404
rescue,3405
marked,3406
surprising,3407
divorce,3408
amounts,3409
formula,3410
deaths,3411
terror,3412
interpretation,3413
substance,3414
kate,3415
anthony,3416
actors,3417
thrown,3418
addressed,3419
forgot,3420
fred,3421
hurricane,3422
stable,3423
regularly,3424
versus,3425
select,3426
minnesota,3427
cups,3428
cameras,3429
roads,3430
roman,3431
gate,3432
staring,3433
covering,3434
fiscal,3435
terrorism,3436
professionals,3437
tracks,3438
greg,3439
canadian,3440
kansas,3441
earn,3442
clothing,3443
routine,3444
cia,3445
conservatives,3446
lifetime,3447
fees,3448
islam,3449
generations,3450
testimony,3451
phrase,3452
discover,3453
load,3454
phil,3455
branch,3456
regions,3457
attended,3458
veterans,3459
organic,3460
eve,3461
technique,3462
interaction,3463
diverse,3464
managers,3465
injuries,3466
causing,3467
components,3468
expansion,3469
absolute,3470
stadium,3471
sheet,3472
protected,3473
jacket,3474
external,3475
fig,3476
describes,3477
stocks,3478
coaches,3479
coalition,3480
danny,3481
warming,3482
implications,3483
flag,3484
sin,3485
functions,3486
screaming,3487
walker,3488
difficulty,3489
fake,3490
publicly,3491
pray,3492
rapidly,3493
ross,3494
scored,3495
secondary,3496
mainly,3497
dedicated,3498
lock,3499
vacation,3500
burned,3501
define,3502
dirt,3503
asleep,3504
fort,3505
bother,3506
prize,3507
extraordinary,3508
painted,3509
breathing,3510
threats,3511
recommend,3512
buried,3513
mode,3514
roots,3515
abandoned,3516
columbia,3517
stations,3518
creek,3519
port,3520
soldier,3521
pointing,3522
encouraged,3523
peak,3524
keys,3525
bars,3526
demonstrated,3527
tank,3528
dozens,3529
hire,3530
thirty,3531
searching,3532
disappeared,3533
comprehensive,3534
expand,3535
conventional,3536
attacked,3537
exception,3538
narrator,3539
hospitals,3540
regulation,3541
breaks,3542
moore,3543
supplies,3544
belt,3545
representatives,3546
fraud,3547
viewed,3548
infrastructure,3549
examined,3550
wheel,3551
suggesting,3552
efficient,3553
mile,3554
pp,3555
wing,3556
horses,3557
maximum,3558
rocks,3559
involves,3560
steady,3561
economics,3562
weekly,3563
nevertheless,3564
collective,3565
resulting,3566
wash,3567
burden,3568
stream,3569
marks,3570
interior,3571
differently,3572
knee,3573
muslims,3574
psychology,3575
bound,3576
populations,3577
chase,3578
mixture,3579
relax,3580
covers,3581
associate,3582
angle,3583
rolled,3584
humanity,3585
jay,3586
perception,3587
rachel,3588
shake,3589
jumped,3590
quietly,3591
offices,3592
maryland,3593
emerged,3594
framework,3595
attached,3596
remind,3597
kingdom,3598
sounded,3599
gained,3600
presents,3601
edward,3602
logic,3603
gallery,3604
injured,3605
supports,3606
flash,3607
oregon,3608
contributions,3609
beings,3610
wise,3611
crap,3612
laughs,3613
shortly,3614
ugly,3615
root,3616
walter,3617
stared,3618
losses,3619
remarkable,3620
protest,3621
naked,3622
capture,3623
restaurants,3624
sufficient,3625
virus,3626
tower,3627
counsel,3628
consumption,3629
deputy,3630
criteria,3631
visiting,3632
initiative,3633
assembly,3634
australia,3635
priority,3636
pakistan,3637
sessions,3638
everyday,3639
dallas,3640
declined,3641
veteran,3642
replied,3643
introduction,3644
holes,3645
neighbor,3646
impressive,3647
fantastic,3648
handed,3649
indians,3650
fate,3651
ooh,3652
dialogue,3653
ma,3654
ignored,3655
impression,3656
jennifer,3657
ate,3658
crossed,3659
attractive,3660
fool,3661
thats,3662
remote,3663
crack,3664
newly,3665
silly,3666
glasses,3667
odds,3668
hearts,3669
barry,3670
ties,3671
italy,3672
achieved,3673
wolf,3674
gear,3675
vulnerable,3676
emotions,3677
operate,3678
iii,3679
humor,3680
quarterback,3681
legitimate,3682
connect,3683
elite,3684
comedy,3685
moderate,3686
badly,3687
prevention,3688
equivalent,3689
mere,3690
literary,3691
concluded,3692
pitch,3693
correspondent,3694
hiding,3695
menu,3696
desperate,3697
distant,3698
npr,3699
politically,3700
settle,3701
recording,3702
captured,3703
tasks,3704
conversations,3705
founded,3706
sec,3707
muscle,3708
surrounded,3709
frozen,3710
corporations,3711
warned,3712
wisconsin,3713
loving,3714
movements,3715
parks,3716
lifted,3717
drivers,3718
terry,3719
challenging,3720
orleans,3721
incredibly,3722
cooperation,3723
spokesman,3724
universities,3725
temple,3726
settings,3727
connections,3728
compete,3729
phones,3730
extensive,3731
stairs,3732
johnny,3733
pleased,3734
newspapers,3735
rely,3736
videos,3737
vital,3738
affair,3739
ruling,3740
collapse,3741
tables,3742
gang,3743
trick,3744
ban,3745
depth,3746
contained,3747
smiling,3748
fantasy,3749
churches,3750
carly,3751
worldwide,3752
employed,3753
permission,3754
saudi,3755
atlantic,3756
boots,3757
producer,3758
nbc,3759
mount,3760
jake,3761
creates,3762
romantic,3763
reducing,3764
poetry,3765
discussions,3766
investigators,3767
profits,3768
awards,3769
payment,3770
rating,3771
convince,3772
reminded,3773
directions,3774
decent,3775
superior,3776
diseases,3777
belong,3778
settlement,3779
wooden,3780
drives,3781
educators,3782
feedback,3783
uniform,3784
centuries,3785
manhattan,3786
arrive,3787
assigned,3788
concerning,3789
genes,3790
dawn,3791
males,3792
frankly,3793
guidelines,3794
linda,3795
concepts,3796
singer,3797
disabilities,3798
factory,3799
lieutenant,3800
performing,3801
paintings,3802
estimate,3803
wire,3804
instant,3805
ships,3806
attempted,3807
scenario,3808
contest,3809
demonstrate,3810
ease,3811
payments,3812
daughters,3813
manufacturing,3814
anna,3815
hence,3816
deny,3817
establishment,3818
collect,3819
furthermore,3820
stolen,3821
rent,3822
concert,3823
diego,3824
fancy,3825
motor,3826
preparing,3827
painful,3828
vol,3829
nursing,3830
topics,3831
enemies,3832
ambassador,3833
tongue,3834
lane,3835
grounds,3836
negotiations,3837
courage,3838
bonds,3839
boxes,3840
allies,3841
implementation,3842
physically,3843
inflation,3844
temporary,3845
laura,3846
mainstream,3847
congressman,3848
consideration,3849
flesh,3850
rejected,3851
successfully,3852
indicates,3853
knock,3854
ext,3855
checking,3856
baltimore,3857
cousin,3858
dependent,3859
intent,3860
infection,3861
cleveland,3862
rob,3863
alliance,3864
contributed,3865
repeatedly,3866
relation,3867
happiness,3868
discipline,3869
grabbed,3870
processing,3871
alien,3872
sean,3873
url=http,3874
cited,3875
conservation,3876
industries,3877
scholars,3878
resulted,3879
aircraft,3880
ceiling,3881
races,3882
tommy,3883
matthew,3884
defeat,3885
producing,3886
shower,3887
palm,3888
cognitive,3889
morgan,3890
furniture,3891
imagined,3892
beating,3893
expecting,3894
monster,3895
scientist,3896
occurs,3897
grateful,3898
greek,3899
pete,3900
warren,3901
fifty,3902
component,3903
balls,3904
guarantee,3905
packed,3906
spots,3907
tremendous,3908
aim,3909
trends,3910
significance,3911
protecting,3912
physics,3913
targets,3914
wealthy,3915
ministry,3916
iphone,3917
respondents,3918
gifts,3919
imagination,3920
vegetables,3921
baker,3922
prominent,3923
cultures,3924
focusing,3925
wound,3926
lately,3927
theories,3928
champion,3929
entering,3930
vegas,3931
memorial,3932
pregnancy,3933
ratings,3934
subsequent,3935
karen,3936
funeral,3937
mars,3938
celebrate,3939
grandfather,3940
fears,3941
fame,3942
executives,3943
fortune,3944
emerging,3945
locations,3946
bite,3947
behalf,3948
landing,3949
proven,3950
label,3951
amazon,3952
hussein,3953
discrimination,3954
tale,3955
promises,3956
gains,3957
alleged,3958
contrary,3959
fee,3960
pursue,3961
josh,3962
olympic,3963
forgive,3964
satisfaction,3965
listened,3966
scary,3967
efficiency,3968
strip,3969
carl,3970
sequence,3971
legacy,3972
succeed,3973
sorts,3974
enterprise,3975
corporation,3976
mortgage,3977
involve,3978
shore,3979
gross,3980
whoever,3981
gates,3982
ethics,3983
preparation,3984
calories,3985
engagement,3986
hunter,3987
checks,3988
pressed,3989
referring,3990
obtain,3991
gordon,3992
duke,3993
generate,3994
nuts,3995
partly,3996
whites,3997
disappointed,3998
broadcast,3999
laboratory,4000
wrapped,4001
delay,4002
dynamic,4003
deck,4004
couples,4005
string,4006
pope,4007
hated,4008
irish,4009
gather,4010
terrorists,4011
presentation,4012
wings,4013
chamber,4014
consciousness,4015
coal,4016
communist,4017
stability,4018
scope,4019
steven,4020
publication,4021
improving,4022
tournament,4023
gently,4024
layer,4025
steal,4026
i-i,4027
jon,4028
overcome,4029
controversial,4030
generated,4031
kicked,4032
contracts,4033
clouds,4034
priest,4035
maintenance,4036
nasa,4037
simpson,4038
ratio,4039
twelve,4040
instrument,4041
candy,4042
instructions,4043
aimed,4044
opponents,4045
mississippi,4046
punishment,4047
fifteen,4048
integrity,4049
engineers,4050
resident,4051
forum,4052
intelligent,4053
alabama,4054
distinct,4055
tragedy,4056
bucks,4057
insisted,4058
founder,4059
thompson,4060
instruments,4061
luke,4062
survived,4063
rapid,4064
trips,4065
oklahoma,4066
strikes,4067
springs,4068
analyst,4069
acceptable,4070
managing,4071
commerce,4072
mutual,4073
meaningful,4074
respectively,4075
eddie,4076
auto,4077
anniversary,4078
witnesses,4079
assuming,4080
lists,4081
dish,4082
journalists,4083
shelter,4084
boom,4085
predicted,4086
jazz,4087
liquid,4088
bench,4089
analyses,4090
handful,4091
couch,4092
roker,4093
employers,4094
penalty,4095
russell,4096
periods,4097
cleaning,4098
discussing,4099
entrance,4100
recession,4101
disorder,4102
progressive,4103
presidency,4104
salary,4105
copyright,4106
recipe,4107
dates,4108
extension,4109
extend,4110
swear,4111
monitoring,4112
garage,4113
monthly,4114
ken,4115
exit,4116
pulls,4117
spain,4118
wildlife,4119
reflected,4120
retail,4121
refer,4122
soccer,4123
arthur,4124
tension,4125
breathe,4126
drinks,4127
seed,4128
aug,4129
publishing,4130
radiation,4131
entitled,4132
communicate,4133
fence,4134
volunteers,4135
homeless,4136
frequency,4137
uncomfortable,4138
stewart,4139
en,4140
dining,4141
gathering,4142
civilian,4143
racist,4144
oven,4145
sciences,4146
ingredients,4147
arguing,4148
devil,4149
shell,4150
analysts,4151
identification,4152
volunteer,4153
chef,4154
encounter,4155
ghost,4156
alice,4157
trials,4158
innovation,4159
investigate,4160
shocked,4161
climb,4162
leather,4163
tissue,4164
membership,4165
register,4166
resort,4167
capitol,4168
compromise,4169
considerable,4170
approached,4171
phenomenon,4172
visits,4173
districts,4174
lifestyle,4175
expanded,4176
healthcare,4177
automatically,4178
headquarters,4179
sacrifice,4180
seeds,4181
disney,4182
dumb,4183
cried,4184
pretend,4185
script,4186
lands,4187
ma'am,4188
pc,4189
hook,4190
observation,4191
introduce,4192
greatly,4193
nba,4194
preferred,4195
essay,4196
alright,4197
females,4198
variable,4199
earnings,4200
commit,4201
midnight,4202
experimental,4203
rear,4204
motivation,4205
designer,4206
refuse,4207
bloody,4208
graham,4209
upstairs,4210
frequent,4211
perry,4212
fiber,4213
elderly,4214
acknowledge,4215
deer,4216
virtual,4217
contribution,4218
maria,4219
trash,4220
convicted,4221
sooner,4222
corruption,4223
indiana,4224
christopher,4225
swimming,4226
observations,4227
chart,4228
purchased,4229
giants,4230
counts,4231
athletic,4232
wallace,4233
chuck,4234
featured,4235
jonathan,4236
failing,4237
registered,4238
legislative,4239
stake,4240
formation,4241
idiot,4242
acres,4243
salad,4244
horror,4245
pizza,4246
leaned,4247
ruled,4248
relatives,4249
ward,4250
agriculture,4251
fathers,4252
assess,4253
origin,4254
embrace,4255
qualified,4256
adams,4257
unions,4258
slide,4259
peers,4260
las,4261
accomplished,4262
sweat,4263
sanctions,4264
pale,4265
heritage,4266
clinic,4267
alexander,4268
texts,4269
robin,4270
stir,4271
eliminate,4272
brush,4273
battery,4274
sink,4275
anne,4276
pet,4277
corps,4278
secrets,4279
shaking,4280
nelson,4281
reverse,4282
expenses,4283
reliable,4284
cares,4285
consistently,4286
missouri,4287
striking,4288
accounting,4289
reaches,4290
isolated,4291
korean,4292
briefly,4293
genius,4294
references,4295
owe,4296
cigarette,4297
craft,4298
soup,4299
emissions,4300
chairs,4301
guards,4302
profession,4303
lawsuit,4304
confusion,4305
existed,4306
backed,4307
devoted,4308
versions,4309
stem,4310
choosing,4311
investments,4312
predict,4313
explaining,4314
filling,4315
handling,4316
representation,4317
limitations,4318
landed,4319
impressed,4320
pollution,4321
towns,4322
guidance,4323
islands,4324
dennis,4325
broader,4326
dominant,4327
stranger,4328
ceremony,4329
circuit,4330
moscow,4331
pie,4332
adventure,4333
depend,4334
sacred,4335
wayne,4336
viewers,4337
grave,4338
consensus,4339
hardware,4340
chopped,4341
friendship,4342
tobacco,4343
slept,4344
ski,4345
tons,4346
stages,4347
pa,4348
divine,4349
presidents,4350
precious,4351
sections,4352
prosecutors,4353
legislature,4354
gov,4355
sixth,4356
controversy,4357
palestinians,4358
murdered,4359
bin,4360
wherever,4361
editorial,4362
rings,4363
expense,4364
michelle,4365
dig,4366
experiments,4367
olive,4368
traveled,4369
scandal,4370
occasion,4371
reply,4372
scheme,4373
thread,4374
seemingly,4375
spin,4376
combine,4377
conclusions,4378
passengers,4379
preserve,4380
administrative,4381
raises,4382
marijuana,4383
gradually,4384
underlying,4385
cents,4386
summary,4387
flew,4388
saint,4389
timing,4390
chip,4391
actress,4392
nixon,4393
meals,4394
racing,4395
copies,4396
widespread,4397
wounded,4398
summit,4399
drops,4400
valid,4401
dc,4402
wage,4403
bishop,4404
recommendations,4405
representing,4406
diane,4407
insight,4408
charity,4409
grades,4410
reads,4411
beans,4412
yo,4413
pentagon,4414
voter,4415
invest,4416
separated,4417
stopping,4418
racism,4419
diabetes,4420
acquired,4421
uk,4422
le,4423
eager,4424
counting,4425
sue,4426
todd,4427
franklin,4428
directors,4429
suspected,4430
inch,4431
picks,4432
complaints,4433
assist,4434
globe,4435
domain,4436
emily,4437
cotton,4438
maintained,4439
parker,4440
possibilities,4441
muscles,4442
mac,4443
tail,4444
employer,4445
engineer,4446
difficulties,4447
pittsburgh,4448
satisfied,4449
institutional,4450
satellite,4451
garlic,4452
threatening,4453
alert,4454
temperatures,4455
database,4456
bull,4457
lawrence,4458
sophisticated,4459
maps,4460
claiming,4461
dishes,4462
interactions,4463
panic,4464
ours,4465
ethical,4466
competing,4467
clubs,4468
abroad,4469
exclusive,4470
charlotte,4471
slip,4472
chronic,4473
pile,4474
targeted,4475
fascinating,4476
knocked,4477
tennessee,4478
slipped,4479
permit,4480
beef,4481
reflection,4482
bankruptcy,4483
boards,4484
mitchell,4485
brooklyn,4486
boost,4487
prisoners,4488
dare,4489
blew,4490
partnership,4491
appointment,4492
bias,4493
makeup,4494
lowest,4495
format,4496
promoting,4497
repair,4498
dropping,4499
helen,4500
distinction,4501
guitar,4502
designs,4503
officially,4504
thanksgiving,4505
producers,4506
lied,4507
ownership,4508
allegations,4509
margaret,4510
colonel,4511
guilt,4512
appointed,4513
interviewed,4514
fitness,4515
disability,4516
bullet,4517
glory,4518
princess,4519
utility,4520
woke,4521
lt,4522
corp,4523
programming,4524
journalist,4525
feeding,4526
unexpected,4527
rome,4528
adoption,4529
poem,4530
errors,4531
advocates,4532
aaron,4533
loading,4534
peer,4535
annie,4536
agricultural,4537
bent,4538
flood,4539
intention,4540
boring,4541
consent,4542
supra,4543
utah,4544
owns,4545
gaze,4546
adequate,4547
yield,4548
symbol,4549
educated,4550
examination,4551
cabinet,4552
chaos,4553
cuba,4554
robinson,4555
clay,4556
diagnosis,4557
physician,4558
exhibition,4559
inspiration,4560
oldest,4561
gospel,4562
closet,4563
mechanism,4564
marshall,4565
shadows,4566
brave,4567
surprisingly,4568
correctly,4569
acknowledged,4570
loaded,4571
modest,4572
pays,4573
encouraging,4574
carries,4575
recalls,4576
lit,4577
mask,4578
hispanic,4579
boundaries,4580
worlds,4581
bare,4582
doc,4583
roy,4584
creature,4585
wells,4586
overwhelming,4587
winds,4588
assumption,4589
closest,4590
craig,4591
mg,4592
calif,4593
overseas,4594
concentration,4595
healing,4596
creatures,4597
essence,4598
powder,4599
commonly,4600
doug,4601
goodbye,4602
invasion,4603
maintaining,4604
jesse,4605
rev,4606
currency,4607
argues,4608
counseling,4609
cooper,4610
reveals,4611
signals,4612
borders,4613
exhibit,4614
influenced,4615
reflects,4616
garbage,4617
nonetheless,4618
deadly,4619
effectiveness,4620
statistical,4621
drag,4622
cliff,4623
apologize,4624
aging,4625
balanced,4626
louisiana,4627
spare,4628
julie,4629
feb,4630
discourse,4631
neighborhoods,4632
stroke,4633
ow,4634
mommy,4635
bid,4636
cure,4637
resolve,4638
galaxy,4639
chuckles,4640
banking,4641
log,4642
overnight,4643
jerusalem,4644
celebration,4645
campaigns,4646
mall,4647
judy,4648
genuine,4649
intensity,4650
complaint,4651
titles,4652
conspiracy,4653
suits,4654
tear,4655
trigger,4656
inevitable,4657
theatre,4658
trillion,4659
habit,4660
oral,4661
expanding,4662
potatoes,4663
slight,4664
alongside,4665
productive,4666
turner,4667
billions,4668
integrated,4669
gods,4670
arena,4671
restrictions,4672
cats,4673
wright,4674
congratulations,4675
lemon,4676
carol,4677
harbor,4678
sheets,4679
announcement,4680
yep,4681
rhetoric,4682
practically,4683
trace,4684
behavioral,4685
porch,4686
enjoying,4687
underground,4688
transport,4689
praise,4690
doctrine,4691
rank,4692
attempting,4693
stole,4694
tube,4695
peoples,4696
acid,4697
hip,4698
piano,4699
endless,4700
buck,4701
hiring,4702
worn,4703
chips,4704
promising,4705
venture,4706
dramatically,4707
describing,4708
liberals,4709
basement,4710
demanding,4711
composition,4712
ethan,4713
spaces,4714
gym,4715
containing,4716
lonely,4717
suggestions,4718
reward,4719
nurses,4720
audio,4721
treaty,4722
comic,4723
tennis,4724
explosion,4725
manufacturers,4726
ranks,4727
smiles,4728
bitter,4729
expertise,4730
activists,4731
attending,4732
antonio,4733
horizon,4734
peaceful,4735
kerry,4736
mouse,4737
jean,4738
brazil,4739
jefferson,4740
parallel,4741
developments,4742
forcing,4743
pen,4744
providers,4745
rational,4746
amber,4747
architecture,4748
lean,4749
crystal,4750
sexy,4751
themes,4752
affordable,4753
donaldson,4754
apps,4755
cleared,4756
douglas,4757
slave,4758
arrival,4759
trucks,4760
artistic,4761
stones,4762
jet,4763
talented,4764
va,4765
invisible,4766
prospect,4767
butt,4768
wages,4769
importantly,4770
consultant,4771
acceptance,4772
commissioner,4773
regulatory,4774
accessible,4775
morris,4776
replacement,4777
tracking,4778
perceptions,4779
kentucky,4780
recalled,4781
orientation,4782
subtle,4783
planes,4784
damaged,4785
rally,4786
goddamn,4787
oxygen,4788
toys,4789
ballot,4790
pause,4791
excitement,4792
possession,4793
trapped,4794
burst,4795
prosecutor,4796
circles,4797
traditions,4798
functional,4799
christianity,4800
accuracy,4801
simultaneously,4802
twin,4803
opera,4804
ronald,4805
engaging,4806
epa,4807
baking,4808
hiv,4809
murphy,4810
habits,4811
shed,4812
emotion,4813
transformation,4814
bullshit,4815
jeans,4816
integration,4817
gravity,4818
heroes,4819
conflicts,4820
cohen,4821
branches,4822
meets,4823
glanced,4824
victor,4825
physicians,4826
refugees,4827
connecticut,4828
refers,4829
advocate,4830
debates,4831
evident,4832
biology,4833
fires,4834
angels,4835
spell,4836
gaza,4837
kong,4838
alaska,4839
enhance,4840
eligible,4841
invite,4842
bacteria,4843
reforms,4844
mate,4845
installed,4846
justin,4847
requirement,4848
purple,4849
min,4850
punch,4851
relate,4852
attracted,4853
attorneys,4854
lawn,4855
farther,4856
crossing,4857
jokes,4858
occasional,4859
flavor,4860
confirm,4861
requests,4862
evaluate,4863
fabric,4864
journalism,4865
sustainable,4866
african-american,4867
videotape,4868
celebrity,4869
proportion,4870
input,4871
scholarship,4872
implement,4873
cabin,4874
worthy,4875
abstract,4876
alarm,4877
wishes,4878
remarks,4879
da,4880
resist,4881
defending,4882
treatments,4883
myth,4884
jacob,4885
languages,4886
joins,4887
blues,4888
oscar,4889
bow,4890
cal,4891
flower,4892
attract,4893
brad,4894
magazines,4895
responsibilities,4896
plates,4897
improvements,4898
challenged,4899
dispute,4900
justify,4901
screening,4902
classical,4903
appeals,4904
surveillance,4905
disappear,4906
photographer,4907
complain,4908
desired,4909
miracle,4910
gm,4911
privilege,4912
struggled,4913
nato,4914
anchor,4915
calculated,4916
regarded,4917
sum,4918
cookies,4919
reminds,4920
pound,4921
regret,4922
printed,4923
sergeant,4924
campbell,4925
structural,4926
responding,4927
whispered,4928
noon,4929
tap,4930
fuckin,4931
logical,4932
counties,4933
vary,4934
generous,4935
senators,4936
handled,4937
arabia,4938
pleasant,4939
crown,4940
shops,4941
custody,4942
equality,4943
cruise,4944
signing,4945
baghdad,4946
insane,4947
frustration,4948
judicial,4949
realistic,4950
jamie,4951
tune,4952
sword,4953
edwards,4954
firing,4955
adopt,4956
wrap,4957
nomination,4958
compensation,4959
requiring,4960
mathematics,4961
handsome,4962
luxury,4963
francis,4964
teen,4965
implemented,4966
lobby,4967
rivers,4968
signature,4969
hong,4970
stanford,4971
administrators,4972
spectrum,4973
theoretical,4974
solo,4975
technological,4976
deserves,4977
ranging,4978
conscious,4979
divide,4980
collins,4981
touching,4982
enable,4983
documentary,4984
coaching,4985
ranch,4986
abilities,4987
maine,4988
actively,4989
gentle,4990
excess,4991
o'reilly,4992
styles,4993
demanded,4994
beast,4995
lucy,4996
frustrated,4997
revenues,4998
decrease,4999
tag,5000
observe,5001
preformatted,5002
transmission,5003
grocery,5004
martha,5005
wider,5006
hampshire,5007
photography,5008
teaspoon,5009
caring,5010
backs,5011
goodness,5012
parliament,5013
clue,5014
societies,5015
burns,5016
continuous,5017
provisions,5018
olympics,5019
literacy,5020
dried,5021
segment,5022
nationwide,5023
toilet,5024
collaboration,5025
participating,5026
output,5027
suggestion,5028
jose,5029
civilization,5030
historically,5031
approaching,5032
hers,5033
posting,5034
legend,5035
slavery,5036
addressing,5037
manual,5038
powell,5039
duties,5040
wheels,5041
compelling,5042
violation,5043
performances,5044
developers,5045
uh-huh,5046
awake,5047
opponent,5048
trauma,5049
bits,5050
